Sanidad,sub,w.length,prom
HLB+,1,540.18,9.737142857
HLB+,1,540.65,9.77
HLB+,1,541.12,9.798571429
HLB+,1,541.59,9.828571429
HLB+,1,542.06,9.857142857
HLB+,1,542.531,9.884285714
HLB+,1,543.001,9.91
HLB+,1,543.471,9.934285714
HLB+,1,543.941,9.96
HLB+,1,544.412,9.982857143
HLB+,1,544.882,10.00428571
HLB+,1,545.353,10.02142857
HLB+,1,545.823,10.04142857
HLB+,1,546.294,10.05714286
HLB+,1,546.764,10.07285714
HLB+,1,547.235,10.08714286
HLB+,1,547.705,10.09714286
HLB+,1,548.176,10.10857143
HLB+,1,548.647,10.11714286
HLB+,1,549.118,10.12428571
HLB+,1,549.588,10.12714286
HLB+,1,550.059,10.13
HLB+,1,550.53,10.13
HLB+,1,551.001,10.12428571
HLB+,1,551.472,10.12142857
HLB+,1,551.943,10.11428571
HLB+,1,552.414,10.10142857
HLB+,1,552.885,10.09142857
HLB+,1,553.356,10.07571429
HLB+,1,553.827,10.06
HLB+,1,554.298,10.04285714
HLB+,1,554.769,10.02142857
HLB+,1,555.24,9.997142857
HLB+,1,555.711,9.972857143
HLB+,1,556.183,9.945714286
HLB+,1,556.654,9.915714286
HLB+,1,557.125,9.885714286
HLB+,1,557.597,9.851428571
HLB+,1,558.068,9.815714286
HLB+,1,558.54,9.777142857
HLB+,1,559.011,9.737142857
HLB+,1,559.483,9.695714286
HLB+,1,559.954,9.652857143
HLB+,1,560.426,9.608571429
HLB+,1,560.897,9.557142857
HLB+,2,540.18,11.12714286
HLB+,2,540.65,11.16285714
HLB+,2,541.12,11.20285714
HLB+,2,541.59,11.24
HLB+,2,542.06,11.28
HLB+,2,542.531,11.31
HLB+,2,543.001,11.34142857
HLB+,2,543.471,11.37
HLB+,2,543.941,11.39714286
HLB+,2,544.412,11.42714286
HLB+,2,544.882,11.45428571
HLB+,2,545.353,11.47857143
HLB+,2,545.823,11.50142857
HLB+,2,546.294,11.52285714
HLB+,2,546.764,11.54285714
HLB+,2,547.235,11.56
HLB+,2,547.705,11.58
HLB+,2,548.176,11.59285714
HLB+,2,548.647,11.60285714
HLB+,2,549.118,11.60857143
HLB+,2,549.588,11.61571429
HLB+,2,550.059,11.61857143
HLB+,2,550.53,11.62
HLB+,2,551.001,11.62142857
HLB+,2,551.472,11.61714286
HLB+,2,551.943,11.60714286
HLB+,2,552.414,11.59714286
HLB+,2,552.885,11.58428571
HLB+,2,553.356,11.56714286
HLB+,2,553.827,11.55
HLB+,2,554.298,11.53142857
HLB+,2,554.769,11.50571429
HLB+,2,555.24,11.48142857
HLB+,2,555.711,11.45
HLB+,2,556.183,11.42142857
HLB+,2,556.654,11.38857143
HLB+,2,557.125,11.34857143
HLB+,2,557.597,11.31285714
HLB+,2,558.068,11.27
HLB+,2,558.54,11.22714286
HLB+,2,559.011,11.18142857
HLB+,2,559.483,11.13285714
HLB+,2,559.954,11.08428571
HLB+,2,560.426,11.03142857
HLB+,2,560.897,10.97142857
HLB+,3,540.18,9.608511905
HLB+,3,540.65,9.637202381
HLB+,3,541.12,9.667142857
HLB+,3,541.59,9.69827381
HLB+,3,542.06,9.728214286
HLB+,3,542.531,9.753511905
HLB+,3,543.001,9.777559524
HLB+,3,543.471,9.799345238
HLB+,3,543.941,9.822380952
HLB+,3,544.412,9.845
HLB+,3,544.882,9.865357143
HLB+,3,545.353,9.883333333
HLB+,3,545.823,9.900952381
HLB+,3,546.294,9.917083333
HLB+,3,546.764,9.931488095
HLB+,3,547.235,9.945714286
HLB+,3,547.705,9.957380952
HLB+,3,548.176,9.966309524
HLB+,3,548.647,9.97375
HLB+,3,549.118,9.977202381
HLB+,3,549.588,9.980119048
HLB+,3,550.059,9.980119048
HLB+,3,550.53,9.980119048
HLB+,3,551.001,9.977321429
HLB+,3,551.472,9.97202381
HLB+,3,551.943,9.962559524
HLB+,3,552.414,9.949940476
HLB+,3,552.885,9.936904762
HLB+,3,553.356,9.920952381
HLB+,3,553.827,9.904583333
HLB+,3,554.298,9.885595238
HLB+,3,554.769,9.862797619
HLB+,3,555.24,9.83952381
HLB+,3,555.711,9.810952381
HLB+,3,556.183,9.784464286
HLB+,3,556.654,9.754761905
HLB+,3,557.125,9.721011905
HLB+,3,557.597,9.687261905
HLB+,3,558.068,9.650654762
HLB+,3,558.54,9.611845238
HLB+,3,559.011,9.57202381
HLB+,3,559.483,9.52952381
HLB+,3,559.954,9.486964286
HLB+,3,560.426,9.44125
HLB+,3,560.897,9.38827381
HLB+,4,540.18,10.34714286
HLB+,4,540.65,10.37142857
HLB+,4,541.12,10.4
HLB+,4,541.59,10.42428571
HLB+,4,542.06,10.44857143
HLB+,4,542.531,10.47142857
HLB+,4,543.001,10.49142857
HLB+,4,543.471,10.51142857
HLB+,4,543.941,10.53285714
HLB+,4,544.412,10.55142857
HLB+,4,544.882,10.56714286
HLB+,4,545.353,10.58428571
HLB+,4,545.823,10.6
HLB+,4,546.294,10.61428571
HLB+,4,546.764,10.62571429
HLB+,4,547.235,10.63714286
HLB+,4,547.705,10.64571429
HLB+,4,548.176,10.65428571
HLB+,4,548.647,10.65857143
HLB+,4,549.118,10.66142857
HLB+,4,549.588,10.66428571
HLB+,4,550.059,10.66428571
HLB+,4,550.53,10.66142857
HLB+,4,551.001,10.65857143
HLB+,4,551.472,10.65
HLB+,4,551.943,10.64142857
HLB+,4,552.414,10.63142857
HLB+,4,552.885,10.62
HLB+,4,553.356,10.60571429
HLB+,4,553.827,10.59142857
HLB+,4,554.298,10.57142857
HLB+,4,554.769,10.55285714
HLB+,4,555.24,10.53285714
HLB+,4,555.711,10.50571429
HLB+,4,556.183,10.48142857
HLB+,4,556.654,10.45285714
HLB+,4,557.125,10.42285714
HLB+,4,557.597,10.39142857
HLB+,4,558.068,10.36142857
HLB+,4,558.54,10.32428571
HLB+,4,559.011,10.28857143
HLB+,4,559.483,10.25
HLB+,4,559.954,10.20857143
HLB+,4,560.426,10.16714286
HLB+,4,560.897,10.12
HLB+,5,540.18,9.478571429
HLB+,5,540.65,9.51
HLB+,5,541.12,9.541428571
HLB+,5,541.59,9.574285714
HLB+,5,542.06,9.604285714
HLB+,5,542.531,9.631428571
HLB+,5,543.001,9.658571429
HLB+,5,543.471,9.68
HLB+,5,543.941,9.705714286
HLB+,5,544.412,9.73
HLB+,5,544.882,9.752857143
HLB+,5,545.353,9.774285714
HLB+,5,545.823,9.791428571
HLB+,5,546.294,9.811428571
HLB+,5,546.764,9.827142857
HLB+,5,547.235,9.842857143
HLB+,5,547.705,9.857142857
HLB+,5,548.176,9.868571429
HLB+,5,548.647,9.875714286
HLB+,5,549.118,9.882857143
HLB+,5,549.588,9.888571429
HLB+,5,550.059,9.89
HLB+,5,550.53,9.891428571
HLB+,5,551.001,9.891428571
HLB+,5,551.472,9.887142857
HLB+,5,551.943,9.881428571
HLB+,5,552.414,9.872857143
HLB+,5,552.885,9.86
HLB+,5,553.356,9.845714286
HLB+,5,553.827,9.832857143
HLB+,5,554.298,9.814285714
HLB+,5,554.769,9.794285714
HLB+,5,555.24,9.775714286
HLB+,5,555.711,9.748571429
HLB+,5,556.183,9.724285714
HLB+,5,556.654,9.695714286
HLB+,5,557.125,9.664285714
HLB+,5,557.597,9.632857143
HLB+,5,558.068,9.6
HLB+,5,558.54,9.561428571
HLB+,5,559.011,9.524285714
HLB+,5,559.483,9.484285714
HLB+,5,559.954,9.442857143
HLB+,5,560.426,9.4
HLB+,5,560.897,9.35
HLB+,6,540.18,9.856488095
HLB+,6,540.65,9.883809524
HLB+,6,541.12,9.912559524
HLB+,6,541.59,9.94327381
HLB+,6,542.06,9.970952381
HLB+,6,542.531,9.995535714
HLB+,6,543.001,10.01791667
HLB+,6,543.471,10.03755952
HLB+,6,543.941,10.06077381
HLB+,6,544.412,10.08255952
HLB+,6,544.882,10.10125
HLB+,6,545.353,10.11994048
HLB+,6,545.823,10.13505952
HLB+,6,546.294,10.15190476
HLB+,6,546.764,10.16553571
HLB+,6,547.235,10.18
HLB+,6,547.705,10.19178571
HLB+,6,548.176,10.20011905
HLB+,6,548.647,10.20642857
HLB+,6,549.118,10.2097619
HLB+,6,549.588,10.21303571
HLB+,6,550.059,10.21303571
HLB+,6,550.53,10.21303571
HLB+,6,551.001,10.21125
HLB+,6,551.472,10.20488095
HLB+,6,551.943,10.19720238
HLB+,6,552.414,10.18684524
HLB+,6,552.885,10.17375
HLB+,6,553.356,10.15797619
HLB+,6,553.827,10.14434524
HLB+,6,554.298,10.12482143
HLB+,6,554.769,10.10404762
HLB+,6,555.24,10.08410714
HLB+,6,555.711,10.0547619
HLB+,6,556.183,10.0289881
HLB+,6,556.654,10.00035714
HLB+,6,557.125,9.968630952
HLB+,6,557.597,9.937678571
HLB+,6,558.068,9.904642857
HLB+,6,558.54,9.866071429
HLB+,6,559.011,9.828452381
HLB+,6,559.483,9.788511905
HLB+,6,559.954,9.747142857
HLB+,6,560.426,9.704047619
HLB+,6,560.897,9.65375
HLB+,7,540.18,9.3725
HLB+,7,540.65,9.3975
HLB+,7,541.12,9.42875
HLB+,7,541.59,9.455
HLB+,7,542.06,9.48
HLB+,7,542.531,9.50375
HLB+,7,543.001,9.5275
HLB+,7,543.471,9.55
HLB+,7,543.941,9.57125
HLB+,7,544.412,9.59
HLB+,7,544.882,9.60875
HLB+,7,545.353,9.62625
HLB+,7,545.823,9.6425
HLB+,7,546.294,9.65875
HLB+,7,546.764,9.67125
HLB+,7,547.235,9.685
HLB+,7,547.705,9.6925
HLB+,7,548.176,9.7025
HLB+,7,548.647,9.70875
HLB+,7,549.118,9.715
HLB+,7,549.588,9.7175
HLB+,7,550.059,9.715
HLB+,7,550.53,9.71625
HLB+,7,551.001,9.715
HLB+,7,551.472,9.7075
HLB+,7,551.943,9.69875
HLB+,7,552.414,9.6875
HLB+,7,552.885,9.6775
HLB+,7,553.356,9.6625
HLB+,7,553.827,9.645
HLB+,7,554.298,9.62875
HLB+,7,554.769,9.60875
HLB+,7,555.24,9.5875
HLB+,7,555.711,9.56125
HLB+,7,556.183,9.53375
HLB+,7,556.654,9.50875
HLB+,7,557.125,9.475
HLB+,7,557.597,9.445
HLB+,7,558.068,9.41125
HLB+,7,558.54,9.37375
HLB+,7,559.011,9.33625
HLB+,7,559.483,9.295
HLB+,7,559.954,9.25625
HLB+,7,560.426,9.21
HLB+,7,560.897,9.165
HLB+,8,540.18,10.49285714
HLB+,8,540.65,10.52428571
HLB+,8,541.12,10.55857143
HLB+,8,541.59,10.59571429
HLB+,8,542.06,10.62571429
HLB+,8,542.531,10.65428571
HLB+,8,543.001,10.68428571
HLB+,8,543.471,10.70714286
HLB+,8,543.941,10.73571429
HLB+,8,544.412,10.76142857
HLB+,8,544.882,10.78714286
HLB+,8,545.353,10.81142857
HLB+,8,545.823,10.83285714
HLB+,8,546.294,10.85285714
HLB+,8,546.764,10.86857143
HLB+,8,547.235,10.88714286
HLB+,8,547.705,10.90428571
HLB+,8,548.176,10.91571429
HLB+,8,548.647,10.92571429
HLB+,8,549.118,10.93571429
HLB+,8,549.588,10.94
HLB+,8,550.059,10.94571429
HLB+,8,550.53,10.94857143
HLB+,8,551.001,10.95
HLB+,8,551.472,10.94714286
HLB+,8,551.943,10.94285714
HLB+,8,552.414,10.93571429
HLB+,8,552.885,10.92714286
HLB+,8,553.356,10.91428571
HLB+,8,553.827,10.89857143
HLB+,8,554.298,10.88142857
HLB+,8,554.769,10.86428571
HLB+,8,555.24,10.84714286
HLB+,8,555.711,10.82
HLB+,8,556.183,10.79428571
HLB+,8,556.654,10.76857143
HLB+,8,557.125,10.73857143
HLB+,8,557.597,10.70714286
HLB+,8,558.068,10.67428571
HLB+,8,558.54,10.63857143
HLB+,8,559.011,10.6
HLB+,8,559.483,10.56142857
HLB+,8,559.954,10.51857143
HLB+,8,560.426,10.47714286
HLB+,8,560.897,10.42714286
HLB+,9,540.18,10.02101429
HLB+,9,540.65,10.04807143
HLB+,9,541.12,10.07829286
HLB+,9,541.59,10.11002857
HLB+,9,542.06,10.13702857
HLB+,9,542.531,10.16192143
HLB+,9,543.001,10.18687143
HLB+,9,543.471,10.20668571
HLB+,9,543.941,10.23067857
HLB+,9,544.412,10.25165714
HLB+,9,544.882,10.27263571
HLB+,9,545.353,10.29190714
HLB+,9,545.823,10.30901429
HLB+,9,546.294,10.32566429
HLB+,9,546.764,10.33799286
HLB+,9,547.235,10.35328571
HLB+,9,547.705,10.36547143
HLB+,9,548.176,10.37432857
HLB+,9,548.647,10.38137857
HLB+,9,549.118,10.38642857
HLB+,9,549.588,10.3887
HLB+,9,550.059,10.3887
HLB+,9,550.53,10.38939286
HLB+,9,551.001,10.3886
HLB+,9,551.472,10.38258571
HLB+,9,551.943,10.37446429
HLB+,9,552.414,10.36372857
HLB+,9,552.885,10.35258571
HLB+,9,553.356,10.33747143
HLB+,9,553.827,10.32014286
HLB+,9,554.298,10.30160714
HLB+,9,554.769,10.28172143
HLB+,9,555.24,10.26138571
HLB+,9,555.711,10.23325
HLB+,9,556.183,10.20592143
HLB+,9,556.654,10.17909286
HLB+,9,557.125,10.14694286
HLB+,9,557.597,10.11488571
HLB+,9,558.068,10.08102143
HLB+,9,558.54,10.04369286
HLB+,9,559.011,10.00425
HLB+,9,559.483,9.965057143
HLB+,9,559.954,9.923792857
HLB+,9,560.426,9.879085714
HLB+,9,560.897,9.830085714
HLB+,10,540.18,9.71125
HLB+,10,540.65,9.74125
HLB+,10,541.12,9.77125
HLB+,10,541.59,9.79875
HLB+,10,542.06,9.82375
HLB+,10,542.531,9.8525
HLB+,10,543.001,9.875
HLB+,10,543.471,9.9
HLB+,10,543.941,9.92
HLB+,10,544.412,9.94125
HLB+,10,544.882,9.96125
HLB+,10,545.353,9.98125
HLB+,10,545.823,9.9975
HLB+,10,546.294,10.0125
HLB+,10,546.764,10.0275
HLB+,10,547.235,10.04125
HLB+,10,547.705,10.05375
HLB+,10,548.176,10.06375
HLB+,10,548.647,10.06875
HLB+,10,549.118,10.075
HLB+,10,549.588,10.07875
HLB+,10,550.059,10.08
HLB+,10,550.53,10.07875
HLB+,10,551.001,10.07625
HLB+,10,551.472,10.07125
HLB+,10,551.943,10.065
HLB+,10,552.414,10.055
HLB+,10,552.885,10.04125
HLB+,10,553.356,10.02875
HLB+,10,553.827,10.0125
HLB+,10,554.298,9.995
HLB+,10,554.769,9.975
HLB+,10,555.24,9.95375
HLB+,10,555.711,9.9275
HLB+,10,556.183,9.90125
HLB+,10,556.654,9.87375
HLB+,10,557.125,9.8425
HLB+,10,557.597,9.8125
HLB+,10,558.068,9.77625
HLB+,10,558.54,9.74125
HLB+,10,559.011,9.70375
HLB+,10,559.483,9.6625
HLB+,10,559.954,9.62125
HLB+,10,560.426,9.57625
HLB+,10,560.897,9.53125
HLB+,11,540.18,9.145
HLB+,11,540.65,9.175
HLB+,11,541.12,9.205
HLB+,11,541.59,9.23625
HLB+,11,542.06,9.265
HLB+,11,542.531,9.29125
HLB+,11,543.001,9.3175
HLB+,11,543.471,9.33625
HLB+,11,543.941,9.36125
HLB+,11,544.412,9.3825
HLB+,11,544.882,9.40375
HLB+,11,545.353,9.425
HLB+,11,545.823,9.4425
HLB+,11,546.294,9.45875
HLB+,11,546.764,9.475
HLB+,11,547.235,9.48875
HLB+,11,547.705,9.5025
HLB+,11,548.176,9.5125
HLB+,11,548.647,9.52125
HLB+,11,549.118,9.52375
HLB+,11,549.588,9.53
HLB+,11,550.059,9.53
HLB+,11,550.53,9.53
HLB+,11,551.001,9.5275
HLB+,11,551.472,9.52375
HLB+,11,551.943,9.51625
HLB+,11,552.414,9.50625
HLB+,11,552.885,9.49625
HLB+,11,553.356,9.48
HLB+,11,553.827,9.46625
HLB+,11,554.298,9.44625
HLB+,11,554.769,9.4275
HLB+,11,555.24,9.405
HLB+,11,555.711,9.3775
HLB+,11,556.183,9.35375
HLB+,11,556.654,9.32625
HLB+,11,557.125,9.29625
HLB+,11,557.597,9.2625
HLB+,11,558.068,9.22875
HLB+,11,558.54,9.1925
HLB+,11,559.011,9.15375
HLB+,11,559.483,9.11375
HLB+,11,559.954,9.075
HLB+,11,560.426,9.03125
HLB+,11,560.897,8.98375
HLB+,12,540.18,9.7925
HLB+,12,540.65,9.81625
HLB+,12,541.12,9.84375
HLB+,12,541.59,9.875
HLB+,12,542.06,9.90375
HLB+,12,542.531,9.92625
HLB+,12,543.001,9.94875
HLB+,12,543.471,9.9625
HLB+,12,543.941,9.98625
HLB+,12,544.412,10.0075
HLB+,12,544.882,10.025
HLB+,12,545.353,10.04125
HLB+,12,545.823,10.0575
HLB+,12,546.294,10.07125
HLB+,12,546.764,10.08375
HLB+,12,547.235,10.0975
HLB+,12,547.705,10.1075
HLB+,12,548.176,10.115
HLB+,12,548.647,10.1225
HLB+,12,549.118,10.12125
HLB+,12,549.588,10.1225
HLB+,12,550.059,10.12
HLB+,12,550.53,10.12
HLB+,12,551.001,10.12
HLB+,12,551.472,10.1125
HLB+,12,551.943,10.10125
HLB+,12,552.414,10.08875
HLB+,12,552.885,10.07375
HLB+,12,553.356,10.0575
HLB+,12,553.827,10.04125
HLB+,12,554.298,10.02125
HLB+,12,554.769,9.99875
HLB+,12,555.24,9.97875
HLB+,12,555.711,9.945
HLB+,12,556.183,9.9175
HLB+,12,556.654,9.88875
HLB+,12,557.125,9.855
HLB+,12,557.597,9.8225
HLB+,12,558.068,9.7875
HLB+,12,558.54,9.7475
HLB+,12,559.011,9.71
HLB+,12,559.483,9.67
HLB+,12,559.954,9.63
HLB+,12,560.426,9.58375
HLB+,12,560.897,9.53125
HLB+,13,540.18,9.64625
HLB+,13,540.65,9.67625
HLB+,13,541.12,9.70375
HLB+,13,541.59,9.7325
HLB+,13,542.06,9.7575
HLB+,13,542.531,9.7825
HLB+,13,543.001,9.805
HLB+,13,543.471,9.82875
HLB+,13,543.941,9.84875
HLB+,13,544.412,9.8675
HLB+,13,544.882,9.8875
HLB+,13,545.353,9.90375
HLB+,13,545.823,9.9225
HLB+,13,546.294,9.93625
HLB+,13,546.764,9.95125
HLB+,13,547.235,9.9625
HLB+,13,547.705,9.9725
HLB+,13,548.176,9.9825
HLB+,13,548.647,9.98625
HLB+,13,549.118,9.9925
HLB+,13,549.588,9.99625
HLB+,13,550.059,9.9975
HLB+,13,550.53,9.995
HLB+,13,551.001,9.99375
HLB+,13,551.472,9.9875
HLB+,13,551.943,9.98
HLB+,13,552.414,9.97
HLB+,13,552.885,9.95625
HLB+,13,553.356,9.94375
HLB+,13,553.827,9.92875
HLB+,13,554.298,9.9125
HLB+,13,554.769,9.89
HLB+,13,555.24,9.86875
HLB+,13,555.711,9.845
HLB+,13,556.183,9.81625
HLB+,13,556.654,9.79125
HLB+,13,557.125,9.76125
HLB+,13,557.597,9.72875
HLB+,13,558.068,9.69625
HLB+,13,558.54,9.66
HLB+,13,559.011,9.62375
HLB+,13,559.483,9.585
HLB+,13,559.954,9.54375
HLB+,13,560.426,9.50125
HLB+,13,560.897,9.455
HLB+,14,540.18,8.23125
HLB+,14,540.65,8.25875
HLB+,14,541.12,8.28375
HLB+,14,541.59,8.315
HLB+,14,542.06,8.34125
HLB+,14,542.531,8.36375
HLB+,14,543.001,8.38625
HLB+,14,543.471,8.4025
HLB+,14,543.941,8.425
HLB+,14,544.412,8.445
HLB+,14,544.882,8.46375
HLB+,14,545.353,8.48125
HLB+,14,545.823,8.49875
HLB+,14,546.294,8.51375
HLB+,14,546.764,8.52875
HLB+,14,547.235,8.54125
HLB+,14,547.705,8.55375
HLB+,14,548.176,8.56375
HLB+,14,548.647,8.57125
HLB+,14,549.118,8.575
HLB+,14,549.588,8.57875
HLB+,14,550.059,8.58
HLB+,14,550.53,8.58125
HLB+,14,551.001,8.5825
HLB+,14,551.472,8.575
HLB+,14,551.943,8.57125
HLB+,14,552.414,8.5625
HLB+,14,552.885,8.55125
HLB+,14,553.356,8.5375
HLB+,14,553.827,8.52625
HLB+,14,554.298,8.5075
HLB+,14,554.769,8.49375
HLB+,14,555.24,8.475
HLB+,14,555.711,8.45125
HLB+,14,556.183,8.42625
HLB+,14,556.654,8.40375
HLB+,14,557.125,8.37375
HLB+,14,557.597,8.34625
HLB+,14,558.068,8.315
HLB+,14,558.54,8.28375
HLB+,14,559.011,8.24875
HLB+,14,559.483,8.2125
HLB+,14,559.954,8.17875
HLB+,14,560.426,8.13875
HLB+,14,560.897,8.0975
HLB+,15,540.18,10.0425
HLB+,15,540.65,10.0675
HLB+,15,541.12,10.09625
HLB+,15,541.59,10.12875
HLB+,15,542.06,10.155
HLB+,15,542.531,10.18
HLB+,15,543.001,10.20125
HLB+,15,543.471,10.215
HLB+,15,543.941,10.24
HLB+,15,544.412,10.26
HLB+,15,544.882,10.28
HLB+,15,545.353,10.29375
HLB+,15,545.823,10.3125
HLB+,15,546.294,10.32625
HLB+,15,546.764,10.33375
HLB+,15,547.235,10.34875
HLB+,15,547.705,10.36
HLB+,15,548.176,10.36375
HLB+,15,548.647,10.37125
HLB+,15,549.118,10.37
HLB+,15,549.588,10.36875
HLB+,15,550.059,10.36375
HLB+,15,550.53,10.36125
HLB+,15,551.001,10.36
HLB+,15,551.472,10.35
HLB+,15,551.943,10.33875
HLB+,15,552.414,10.32375
HLB+,15,552.885,10.3075
HLB+,15,553.356,10.28875
HLB+,15,553.827,10.26625
HLB+,15,554.298,10.245
HLB+,15,554.769,10.22
HLB+,15,555.24,10.1975
HLB+,15,555.711,10.16125
HLB+,15,556.183,10.13
HLB+,15,556.654,10.09875
HLB+,15,557.125,10.0625
HLB+,15,557.597,10.02375
HLB+,15,558.068,9.98875
HLB+,15,558.54,9.94375
HLB+,15,559.011,9.90375
HLB+,15,559.483,9.86
HLB+,15,559.954,9.81375
HLB+,15,560.426,9.76625
HLB+,15,560.897,9.70875
HLB+,16,540.18,10.02625
HLB+,16,540.65,10.0575
HLB+,16,541.12,10.08625
HLB+,16,541.59,10.11875
HLB+,16,542.06,10.15
HLB+,16,542.531,10.17625
HLB+,16,543.001,10.20125
HLB+,16,543.471,10.225
HLB+,16,543.941,10.24875
HLB+,16,544.412,10.27125
HLB+,16,544.882,10.29125
HLB+,16,545.353,10.3125
HLB+,16,545.823,10.33
HLB+,16,546.294,10.3475
HLB+,16,546.764,10.3625
HLB+,16,547.235,10.37625
HLB+,16,547.705,10.38875
HLB+,16,548.176,10.3975
HLB+,16,548.647,10.40375
HLB+,16,549.118,10.40875
HLB+,16,549.588,10.415
HLB+,16,550.059,10.4125
HLB+,16,550.53,10.41375
HLB+,16,551.001,10.41
HLB+,16,551.472,10.405
HLB+,16,551.943,10.3975
HLB+,16,552.414,10.3875
HLB+,16,552.885,10.37125
HLB+,16,553.356,10.36
HLB+,16,553.827,10.34125
HLB+,16,554.298,10.32125
HLB+,16,554.769,10.30125
HLB+,16,555.24,10.275
HLB+,16,555.711,10.25125
HLB+,16,556.183,10.22375
HLB+,16,556.654,10.1925
HLB+,16,557.125,10.16
HLB+,16,557.597,10.125
HLB+,16,558.068,10.08875
HLB+,16,558.54,10.04875
HLB+,16,559.011,10.01125
HLB+,16,559.483,9.96625
HLB+,16,559.954,9.9225
HLB+,16,560.426,9.875
HLB+,16,560.897,9.825
HLB+,17,540.18,10.6725
HLB+,17,540.65,10.70625
HLB+,17,541.12,10.73875
HLB+,17,541.59,10.7775
HLB+,17,542.06,10.80625
HLB+,17,542.531,10.83625
HLB+,17,543.001,10.8625
HLB+,17,543.471,10.88875
HLB+,17,543.941,10.91375
HLB+,17,544.412,10.94125
HLB+,17,544.882,10.965
HLB+,17,545.353,10.98625
HLB+,17,545.823,11.00625
HLB+,17,546.294,11.02375
HLB+,17,546.764,11.04125
HLB+,17,547.235,11.05375
HLB+,17,547.705,11.0725
HLB+,17,548.176,11.0825
HLB+,17,548.647,11.0925
HLB+,17,549.118,11.0975
HLB+,17,549.588,11.10125
HLB+,17,550.059,11.1025
HLB+,17,550.53,11.1025
HLB+,17,551.001,11.1025
HLB+,17,551.472,11.0975
HLB+,17,551.943,11.09125
HLB+,17,552.414,11.08
HLB+,17,552.885,11.0675
HLB+,17,553.356,11.0525
HLB+,17,553.827,11.0375
HLB+,17,554.298,11.015
HLB+,17,554.769,10.99375
HLB+,17,555.24,10.97125
HLB+,17,555.711,10.94125
HLB+,17,556.183,10.91125
HLB+,17,556.654,10.8825
HLB+,17,557.125,10.8475
HLB+,17,557.597,10.81125
HLB+,17,558.068,10.77625
HLB+,17,558.54,10.735
HLB+,17,559.011,10.6925
HLB+,17,559.483,10.6475
HLB+,17,559.954,10.605
HLB+,17,560.426,10.55625
HLB+,17,560.897,10.50125
HLB+,18,540.18,8.605
HLB+,18,540.65,8.625
HLB+,18,541.12,8.64625
HLB+,18,541.59,8.67125
HLB+,18,542.06,8.6925
HLB+,18,542.531,8.7125
HLB+,18,543.001,8.7275
HLB+,18,543.471,8.7375
HLB+,18,543.941,8.75625
HLB+,18,544.412,8.77
HLB+,18,544.882,8.7825
HLB+,18,545.353,8.7975
HLB+,18,545.823,8.8075
HLB+,18,546.294,8.8175
HLB+,18,546.764,8.8275
HLB+,18,547.235,8.835
HLB+,18,547.705,8.84375
HLB+,18,548.176,8.845
HLB+,18,548.647,8.8475
HLB+,18,549.118,8.84625
HLB+,18,549.588,8.845
HLB+,18,550.059,8.8375
HLB+,18,550.53,8.8375
HLB+,18,551.001,8.8325
HLB+,18,551.472,8.82375
HLB+,18,551.943,8.815
HLB+,18,552.414,8.79625
HLB+,18,552.885,8.785
HLB+,18,553.356,8.7675
HLB+,18,553.827,8.75125
HLB+,18,554.298,8.73
HLB+,18,554.769,8.70875
HLB+,18,555.24,8.6875
HLB+,18,555.711,8.65875
HLB+,18,556.183,8.63125
HLB+,18,556.654,8.6075
HLB+,18,557.125,8.57625
HLB+,18,557.597,8.545
HLB+,18,558.068,8.515
HLB+,18,558.54,8.47875
HLB+,18,559.011,8.4425
HLB+,18,559.483,8.40625
HLB+,18,559.954,8.3725
HLB+,18,560.426,8.3325
HLB+,18,560.897,8.28125
HLB+,19,540.18,9.905714286
HLB+,19,540.65,9.931428571
HLB+,19,541.12,9.958571429
HLB+,19,541.59,9.984285714
HLB+,19,542.06,10.01
HLB+,19,542.531,10.03571429
HLB+,19,543.001,10.05571429
HLB+,19,543.471,10.07857143
HLB+,19,543.941,10.09857143
HLB+,19,544.412,10.11714286
HLB+,19,544.882,10.13571429
HLB+,19,545.353,10.15285714
HLB+,19,545.823,10.17
HLB+,19,546.294,10.18428571
HLB+,19,546.764,10.19857143
HLB+,19,547.235,10.21
HLB+,19,547.705,10.22142857
HLB+,19,548.176,10.23142857
HLB+,19,548.647,10.23857143
HLB+,19,549.118,10.24285714
HLB+,19,549.588,10.24571429
HLB+,19,550.059,10.24714286
HLB+,19,550.53,10.25
HLB+,19,551.001,10.24857143
HLB+,19,551.472,10.24285714
HLB+,19,551.943,10.23857143
HLB+,19,552.414,10.22857143
HLB+,19,552.885,10.22
HLB+,19,553.356,10.21
HLB+,19,553.827,10.19571429
HLB+,19,554.298,10.17714286
HLB+,19,554.769,10.16142857
HLB+,19,555.24,10.14142857
HLB+,19,555.711,10.12
HLB+,19,556.183,10.09571429
HLB+,19,556.654,10.06714286
HLB+,19,557.125,10.04285714
HLB+,19,557.597,10.01142857
HLB+,19,558.068,9.98
HLB+,19,558.54,9.945714286
HLB+,19,559.011,9.911428571
HLB+,19,559.483,9.875714286
HLB+,19,559.954,9.835714286
HLB+,19,560.426,9.794285714
HLB+,19,560.897,9.751428571
HLB+,20,540.18,9.305
HLB+,20,540.65,9.33625
HLB+,20,541.12,9.37
HLB+,20,541.59,9.40375
HLB+,20,542.06,9.43375
HLB+,20,542.531,9.4625
HLB+,20,543.001,9.49
HLB+,20,543.471,9.51125
HLB+,20,543.941,9.53625
HLB+,20,544.412,9.56125
HLB+,20,544.882,9.585
HLB+,20,545.353,9.605
HLB+,20,545.823,9.62625
HLB+,20,546.294,9.6425
HLB+,20,546.764,9.66125
HLB+,20,547.235,9.67625
HLB+,20,547.705,9.69625
HLB+,20,548.176,9.705
HLB+,20,548.647,9.71625
HLB+,20,549.118,9.72
HLB+,20,549.588,9.7275
HLB+,20,550.059,9.73125
HLB+,20,550.53,9.7325
HLB+,20,551.001,9.73375
HLB+,20,551.472,9.73125
HLB+,20,551.943,9.72625
HLB+,20,552.414,9.7175
HLB+,20,552.885,9.70875
HLB+,20,553.356,9.69625
HLB+,20,553.827,9.68125
HLB+,20,554.298,9.66625
HLB+,20,554.769,9.64875
HLB+,20,555.24,9.63125
HLB+,20,555.711,9.60375
HLB+,20,556.183,9.58
HLB+,20,556.654,9.555
HLB+,20,557.125,9.5225
HLB+,20,557.597,9.495
HLB+,20,558.068,9.46125
HLB+,20,558.54,9.42625
HLB+,20,559.011,9.39125
HLB+,20,559.483,9.35375
HLB+,20,559.954,9.315
HLB+,20,560.426,9.27375
HLB+,20,560.897,9.225
HLB+,21,540.18,9.785
HLB+,21,540.65,9.81
HLB+,21,541.12,9.8375
HLB+,21,541.59,9.8675
HLB+,21,542.06,9.895
HLB+,21,542.531,9.91625
HLB+,21,543.001,9.93625
HLB+,21,543.471,9.94875
HLB+,21,543.941,9.97
HLB+,21,544.412,9.9875
HLB+,21,544.882,10.005
HLB+,21,545.353,10.02
HLB+,21,545.823,10.03375
HLB+,21,546.294,10.04625
HLB+,21,546.764,10.0575
HLB+,21,547.235,10.07
HLB+,21,547.705,10.08
HLB+,21,548.176,10.0825
HLB+,21,548.647,10.08625
HLB+,21,549.118,10.08625
HLB+,21,549.588,10.085
HLB+,21,550.059,10.07875
HLB+,21,550.53,10.0775
HLB+,21,551.001,10.07625
HLB+,21,551.472,10.0675
HLB+,21,551.943,10.05125
HLB+,21,552.414,10.03875
HLB+,21,552.885,10.02125
HLB+,21,553.356,10.00375
HLB+,21,553.827,9.98375
HLB+,21,554.298,9.9625
HLB+,21,554.769,9.9375
HLB+,21,555.24,9.91375
HLB+,21,555.711,9.88125
HLB+,21,556.183,9.8525
HLB+,21,556.654,9.82125
HLB+,21,557.125,9.785
HLB+,21,557.597,9.7525
HLB+,21,558.068,9.715
HLB+,21,558.54,9.67375
HLB+,21,559.011,9.635
HLB+,21,559.483,9.59
HLB+,21,559.954,9.54875
HLB+,21,560.426,9.50375
HLB+,21,560.897,9.4475
HLB+,22,540.18,9.81375
HLB+,22,540.65,9.84625
HLB+,22,541.12,9.87875
HLB+,22,541.59,9.90875
HLB+,22,542.06,9.9375
HLB+,22,542.531,9.96375
HLB+,22,543.001,9.99
HLB+,22,543.471,10.01375
HLB+,22,543.941,10.0375
HLB+,22,544.412,10.06125
HLB+,22,544.882,10.08125
HLB+,22,545.353,10.1025
HLB+,22,545.823,10.1225
HLB+,22,546.294,10.13625
HLB+,22,546.764,10.1525
HLB+,22,547.235,10.1675
HLB+,22,547.705,10.18
HLB+,22,548.176,10.18875
HLB+,22,548.647,10.19625
HLB+,22,549.118,10.2025
HLB+,22,549.588,10.20625
HLB+,22,550.059,10.2075
HLB+,22,550.53,10.20875
HLB+,22,551.001,10.20375
HLB+,22,551.472,10.2
HLB+,22,551.943,10.19125
HLB+,22,552.414,10.1825
HLB+,22,552.885,10.17125
HLB+,22,553.356,10.155
HLB+,22,553.827,10.14
HLB+,22,554.298,10.12125
HLB+,22,554.769,10.0975
HLB+,22,555.24,10.07625
HLB+,22,555.711,10.05125
HLB+,22,556.183,10.0225
HLB+,22,556.654,9.99375
HLB+,22,557.125,9.96125
HLB+,22,557.597,9.92625
HLB+,22,558.068,9.8925
HLB+,22,558.54,9.855
HLB+,22,559.011,9.815
HLB+,22,559.483,9.7725
HLB+,22,559.954,9.7275
HLB+,22,560.426,9.68125
HLB+,22,560.897,9.6325
HLB+,23,540.18,10.85875
HLB+,23,540.65,10.89125
HLB+,23,541.12,10.92875
HLB+,23,541.59,10.96125
HLB+,23,542.06,10.995
HLB+,23,542.531,11.02625
HLB+,23,543.001,11.0575
HLB+,23,543.471,11.08
HLB+,23,543.941,11.11
HLB+,23,544.412,11.13625
HLB+,23,544.882,11.16125
HLB+,23,545.353,11.18375
HLB+,23,545.823,11.20375
HLB+,23,546.294,11.22375
HLB+,23,546.764,11.245
HLB+,23,547.235,11.265
HLB+,23,547.705,11.28
HLB+,23,548.176,11.29
HLB+,23,548.647,11.30375
HLB+,23,549.118,11.30875
HLB+,23,549.588,11.31875
HLB+,23,550.059,11.31875
HLB+,23,550.53,11.325
HLB+,23,551.001,11.325
HLB+,23,551.472,11.32
HLB+,23,551.943,11.31375
HLB+,23,552.414,11.30875
HLB+,23,552.885,11.2975
HLB+,23,553.356,11.285
HLB+,23,553.827,11.27125
HLB+,23,554.298,11.25375
HLB+,23,554.769,11.2375
HLB+,23,555.24,11.215
HLB+,23,555.711,11.19
HLB+,23,556.183,11.16625
HLB+,23,556.654,11.135
HLB+,23,557.125,11.105
HLB+,23,557.597,11.0725
HLB+,23,558.068,11.04
HLB+,23,558.54,11.00125
HLB+,23,559.011,10.9625
HLB+,23,559.483,10.92125
HLB+,23,559.954,10.88125
HLB+,23,560.426,10.835
HLB+,23,560.897,10.785
HLB+,24,540.18,9.25875
HLB+,24,540.65,9.2825
HLB+,24,541.12,9.3125
HLB+,24,541.59,9.3375
HLB+,24,542.06,9.35875
HLB+,24,542.531,9.37625
HLB+,24,543.001,9.3925
HLB+,24,543.471,9.41125
HLB+,24,543.941,9.42875
HLB+,24,544.412,9.44625
HLB+,24,544.882,9.46
HLB+,24,545.353,9.475
HLB+,24,545.823,9.48625
HLB+,24,546.294,9.49875
HLB+,24,546.764,9.51
HLB+,24,547.235,9.5225
HLB+,24,547.705,9.52375
HLB+,24,548.176,9.52875
HLB+,24,548.647,9.53125
HLB+,24,549.118,9.53125
HLB+,24,549.588,9.5275
HLB+,24,550.059,9.525
HLB+,24,550.53,9.525
HLB+,24,551.001,9.5175
HLB+,24,551.472,9.5075
HLB+,24,551.943,9.495
HLB+,24,552.414,9.48125
HLB+,24,552.885,9.46125
HLB+,24,553.356,9.4475
HLB+,24,553.827,9.42625
HLB+,24,554.298,9.40625
HLB+,24,554.769,9.38625
HLB+,24,555.24,9.355
HLB+,24,555.711,9.3275
HLB+,24,556.183,9.3
HLB+,24,556.654,9.2675
HLB+,24,557.125,9.2375
HLB+,24,557.597,9.20625
HLB+,24,558.068,9.17
HLB+,24,558.54,9.1325
HLB+,24,559.011,9.09625
HLB+,24,559.483,9.05875
HLB+,24,559.954,9.01625
HLB+,24,560.426,8.96625
HLB+,24,560.897,8.96625
HLB+,25,540.18,9.9175
HLB+,25,540.65,9.945
HLB+,25,541.12,9.9725
HLB+,25,541.59,9.9975
HLB+,25,542.06,10.02375
HLB+,25,542.531,10.04375
HLB+,25,543.001,10.06625
HLB+,25,543.471,10.08625
HLB+,25,543.941,10.105
HLB+,25,544.412,10.12625
HLB+,25,544.882,10.14375
HLB+,25,545.353,10.1575
HLB+,25,545.823,10.175
HLB+,25,546.294,10.1875
HLB+,25,546.764,10.19875
HLB+,25,547.235,10.21125
HLB+,25,547.705,10.21625
HLB+,25,548.176,10.2225
HLB+,25,548.647,10.22625
HLB+,25,549.118,10.22875
HLB+,25,549.588,10.22875
HLB+,25,550.059,10.22875
HLB+,25,550.53,10.22625
HLB+,25,551.001,10.2175
HLB+,25,551.472,10.21
HLB+,25,551.943,10.2
HLB+,25,552.414,10.185
HLB+,25,552.885,10.17125
HLB+,25,553.356,10.155
HLB+,25,553.827,10.1375
HLB+,25,554.298,10.1175
HLB+,25,554.769,10.09125
HLB+,25,555.24,10.06875
HLB+,25,555.711,10.04
HLB+,25,556.183,10.01375
HLB+,25,556.654,9.9825
HLB+,25,557.125,9.9525
HLB+,25,557.597,9.91625
HLB+,25,558.068,9.88
HLB+,25,558.54,9.84375
HLB+,25,559.011,9.805
HLB+,25,559.483,9.7625
HLB+,25,559.954,9.71875
HLB+,25,560.426,9.67125
HLB+,25,560.897,9.67125
HLB+,26,540.18,10.215
HLB+,26,540.65,10.24375
HLB+,26,541.12,10.27375
HLB+,26,541.59,10.305
HLB+,26,542.06,10.335
HLB+,26,542.531,10.36125
HLB+,26,543.001,10.385
HLB+,26,543.471,10.40375
HLB+,26,543.941,10.42875
HLB+,26,544.412,10.45125
HLB+,26,544.882,10.4725
HLB+,26,545.353,10.49125
HLB+,26,545.823,10.51
HLB+,26,546.294,10.525
HLB+,26,546.764,10.53875
HLB+,26,547.235,10.55375
HLB+,26,547.705,10.56625
HLB+,26,548.176,10.57375
HLB+,26,548.647,10.58375
HLB+,26,549.118,10.58625
HLB+,26,549.588,10.58875
HLB+,26,550.059,10.59
HLB+,26,550.53,10.58875
HLB+,26,551.001,10.5875
HLB+,26,551.472,10.58125
HLB+,26,551.943,10.57125
HLB+,26,552.414,10.5625
HLB+,26,552.885,10.55
HLB+,26,553.356,10.535
HLB+,26,553.827,10.51875
HLB+,26,554.298,10.49875
HLB+,26,554.769,10.47875
HLB+,26,555.24,10.45625
HLB+,26,555.711,10.4275
HLB+,26,556.183,10.4
HLB+,26,556.654,10.37125
HLB+,26,557.125,10.34
HLB+,26,557.597,10.30625
HLB+,26,558.068,10.27
HLB+,26,558.54,10.23
HLB+,26,559.011,10.1925
HLB+,26,559.483,10.1525
HLB+,26,559.954,10.11
HLB+,26,560.426,10.065
HLB+,26,560.897,10.015
HLB+,27,540.18,9.043333333
HLB+,27,540.65,9.065
HLB+,27,541.12,9.091666667
HLB+,27,541.59,9.121666667
HLB+,27,542.06,9.145
HLB+,27,542.531,9.166666667
HLB+,27,543.001,9.188333333
HLB+,27,543.471,9.2
HLB+,27,543.941,9.22
HLB+,27,544.412,9.238333333
HLB+,27,544.882,9.253333333
HLB+,27,545.353,9.268333333
HLB+,27,545.823,9.285
HLB+,27,546.294,9.296666667
HLB+,27,546.764,9.308333333
HLB+,27,547.235,9.316666667
HLB+,27,547.705,9.328333333
HLB+,27,548.176,9.333333333
HLB+,27,548.647,9.338333333
HLB+,27,549.118,9.338333333
HLB+,27,549.588,9.338333333
HLB+,27,550.059,9.335
HLB+,27,550.53,9.335
HLB+,27,551.001,9.33
HLB+,27,551.472,9.321666667
HLB+,27,551.943,9.313333333
HLB+,27,552.414,9.3
HLB+,27,552.885,9.283333333
HLB+,27,553.356,9.268333333
HLB+,27,553.827,9.251666667
HLB+,27,554.298,9.23
HLB+,27,554.769,9.21
HLB+,27,555.24,9.188333333
HLB+,27,555.711,9.156666667
HLB+,27,556.183,9.13
HLB+,27,556.654,9.1
HLB+,27,557.125,9.068333333
HLB+,27,557.597,9.036666667
HLB+,27,558.068,9.001666667
HLB+,27,558.54,8.965
HLB+,27,559.011,8.925
HLB+,27,559.483,8.886666667
HLB+,27,559.954,8.846666667
HLB+,27,560.426,8.805
HLB+,27,560.897,8.753333333
HLB-,28,540.18,9.03875
HLB-,28,540.65,9.07
HLB-,28,541.12,9.09875
HLB-,28,541.59,9.12875
HLB-,28,542.06,9.15375
HLB-,28,542.531,9.18125
HLB-,28,543.001,9.20625
HLB-,28,543.471,9.23125
HLB-,28,543.941,9.25625
HLB-,28,544.412,9.27625
HLB-,28,544.882,9.3
HLB-,28,545.353,9.3175
HLB-,28,545.823,9.33875
HLB-,28,546.294,9.35375
HLB-,28,546.764,9.3725
HLB-,28,547.235,9.385
HLB-,28,547.705,9.39625
HLB-,28,548.176,9.4075
HLB-,28,548.647,9.4175
HLB-,28,549.118,9.42375
HLB-,28,549.588,9.42875
HLB-,28,550.059,9.43
HLB-,28,550.53,9.43375
HLB-,28,551.001,9.43125
HLB-,28,551.472,9.4275
HLB-,28,551.943,9.42125
HLB-,28,552.414,9.41125
HLB-,28,552.885,9.4025
HLB-,28,553.356,9.39125
HLB-,28,553.827,9.3775
HLB-,28,554.298,9.36
HLB-,28,554.769,9.34375
HLB-,28,555.24,9.32
HLB-,28,555.711,9.30125
HLB-,28,556.183,9.27625
HLB-,28,556.654,9.24875
HLB-,28,557.125,9.22
HLB-,28,557.597,9.1875
HLB-,28,558.068,9.1575
HLB-,28,558.54,9.12375
HLB-,28,559.011,9.085
HLB-,28,559.483,9.0475
HLB-,28,559.954,9.00875
HLB-,28,560.426,8.965
HLB-,28,560.897,8.92125
HLB-,29,540.18,9.65375
HLB-,29,540.65,9.67625
HLB-,29,541.12,9.69625
HLB-,29,541.59,9.72125
HLB-,29,542.06,9.74125
HLB-,29,542.531,9.7575
HLB-,29,543.001,9.77375
HLB-,29,543.471,9.785
HLB-,29,543.941,9.8025
HLB-,29,544.412,9.81625
HLB-,29,544.882,9.83
HLB-,29,545.353,9.83875
HLB-,29,545.823,9.85
HLB-,29,546.294,9.86
HLB-,29,546.764,9.865
HLB-,29,547.235,9.87375
HLB-,29,547.705,9.88125
HLB-,29,548.176,9.885
HLB-,29,548.647,9.88625
HLB-,29,549.118,9.88125
HLB-,29,549.588,9.88125
HLB-,29,550.059,9.87375
HLB-,29,550.53,9.87125
HLB-,29,551.001,9.8675
HLB-,29,551.472,9.85625
HLB-,29,551.943,9.84625
HLB-,29,552.414,9.8325
HLB-,29,552.885,9.81625
HLB-,29,553.356,9.8025
HLB-,29,553.827,9.78375
HLB-,29,554.298,9.7625
HLB-,29,554.769,9.7425
HLB-,29,555.24,9.72125
HLB-,29,555.711,9.6925
HLB-,29,556.183,9.66875
HLB-,29,556.654,9.6375
HLB-,29,557.125,9.6075
HLB-,29,557.597,9.5775
HLB-,29,558.068,9.54625
HLB-,29,558.54,9.50875
HLB-,29,559.011,9.47375
HLB-,29,559.483,9.4375
HLB-,29,559.954,9.40125
HLB-,29,560.426,9.3625
HLB-,29,560.897,9.31375
HLB-,30,540.18,7.272857143
HLB-,30,540.65,7.287142857
HLB-,30,541.12,7.305714286
HLB-,30,541.59,7.331428571
HLB-,30,542.06,7.348571429
HLB-,30,542.531,7.362857143
HLB-,30,543.001,7.375714286
HLB-,30,543.471,7.382857143
HLB-,30,543.941,7.4
HLB-,30,544.412,7.414285714
HLB-,30,544.882,7.424285714
HLB-,30,545.353,7.434285714
HLB-,30,545.823,7.442857143
HLB-,30,546.294,7.451428571
HLB-,30,546.764,7.457142857
HLB-,30,547.235,7.467142857
HLB-,30,547.705,7.475714286
HLB-,30,548.176,7.475714286
HLB-,30,548.647,7.482857143
HLB-,30,549.118,7.477142857
HLB-,30,549.588,7.472857143
HLB-,30,550.059,7.468571429
HLB-,30,550.53,7.468571429
HLB-,30,551.001,7.467142857
HLB-,30,551.472,7.457142857
HLB-,30,551.943,7.447142857
HLB-,30,552.414,7.432857143
HLB-,30,552.885,7.418571429
HLB-,30,553.356,7.402857143
HLB-,30,553.827,7.387142857
HLB-,30,554.298,7.371428571
HLB-,30,554.769,7.35
HLB-,30,555.24,7.332857143
HLB-,30,555.711,7.302857143
HLB-,30,556.183,7.281428571
HLB-,30,556.654,7.257142857
HLB-,30,557.125,7.228571429
HLB-,30,557.597,7.202857143
HLB-,30,558.068,7.175714286
HLB-,30,558.54,7.142857143
HLB-,30,559.011,7.112857143
HLB-,30,559.483,7.082857143
HLB-,30,559.954,7.05
HLB-,30,560.426,7.017142857
HLB-,30,560.897,6.971428571
HLB-,31,540.18,9.12875
HLB-,31,540.65,9.15625
HLB-,31,541.12,9.18375
HLB-,31,541.59,9.20625
HLB-,31,542.06,9.2325
HLB-,31,542.531,9.25375
HLB-,31,543.001,9.27375
HLB-,31,543.471,9.295
HLB-,31,543.941,9.31625
HLB-,31,544.412,9.335
HLB-,31,544.882,9.35125
HLB-,31,545.353,9.36625
HLB-,31,545.823,9.38125
HLB-,31,546.294,9.39375
HLB-,31,546.764,9.405
HLB-,31,547.235,9.41625
HLB-,31,547.705,9.425
HLB-,31,548.176,9.4325
HLB-,31,548.647,9.4375
HLB-,31,549.118,9.44125
HLB-,31,549.588,9.44375
HLB-,31,550.059,9.4425
HLB-,31,550.53,9.43875
HLB-,31,551.001,9.4325
HLB-,31,551.472,9.4275
HLB-,31,551.943,9.41625
HLB-,31,552.414,9.40625
HLB-,31,552.885,9.3925
HLB-,31,553.356,9.38125
HLB-,31,553.827,9.3625
HLB-,31,554.298,9.34125
HLB-,31,554.769,9.3225
HLB-,31,555.24,9.29875
HLB-,31,555.711,9.27375
HLB-,31,556.183,9.2475
HLB-,31,556.654,9.2175
HLB-,31,557.125,9.18875
HLB-,31,557.597,9.155
HLB-,31,558.068,9.11875
HLB-,31,558.54,9.0825
HLB-,31,559.011,9.04375
HLB-,31,559.483,9.0025
HLB-,31,559.954,8.96375
HLB-,31,560.426,8.9175
HLB-,31,560.897,8.8725
HLB-,32,540.18,7.9725
HLB-,32,540.65,7.9975
HLB-,32,541.12,8.02
HLB-,32,541.59,8.04875
HLB-,32,542.06,8.07
HLB-,32,542.531,8.09
HLB-,32,543.001,8.11125
HLB-,32,543.471,8.1275
HLB-,32,543.941,8.14625
HLB-,32,544.412,8.1625
HLB-,32,544.882,8.17625
HLB-,32,545.353,8.19
HLB-,32,545.823,8.20625
HLB-,32,546.294,8.2175
HLB-,32,546.764,8.225
HLB-,32,547.235,8.235
HLB-,32,547.705,8.24375
HLB-,32,548.176,8.2475
HLB-,32,548.647,8.25125
HLB-,32,549.118,8.24875
HLB-,32,549.588,8.2475
HLB-,32,550.059,8.2425
HLB-,32,550.53,8.24
HLB-,32,551.001,8.23625
HLB-,32,551.472,8.225
HLB-,32,551.943,8.21125
HLB-,32,552.414,8.19875
HLB-,32,552.885,8.18375
HLB-,32,553.356,8.16375
HLB-,32,553.827,8.14625
HLB-,32,554.298,8.12375
HLB-,32,554.769,8.10125
HLB-,32,555.24,8.07625
HLB-,32,555.711,8.04625
HLB-,32,556.183,8.01625
HLB-,32,556.654,7.98625
HLB-,32,557.125,7.95125
HLB-,32,557.597,7.9175
HLB-,32,558.068,7.88125
HLB-,32,558.54,7.8425
HLB-,32,559.011,7.80125
HLB-,32,559.483,7.76
HLB-,32,559.954,7.72
HLB-,32,560.426,7.67375
HLB-,32,560.897,7.6225
HLB-,33,540.18,7.1675
HLB-,33,540.65,7.18
HLB-,33,541.12,7.19625
HLB-,33,541.59,7.22
HLB-,33,542.06,7.23875
HLB-,33,542.531,7.25125
HLB-,33,543.001,7.26375
HLB-,33,543.471,7.2675
HLB-,33,543.941,7.2825
HLB-,33,544.412,7.29625
HLB-,33,544.882,7.30375
HLB-,33,545.353,7.31125
HLB-,33,545.823,7.32125
HLB-,33,546.294,7.32625
HLB-,33,546.764,7.33125
HLB-,33,547.235,7.34
HLB-,33,547.705,7.34625
HLB-,33,548.176,7.34625
HLB-,33,548.647,7.34875
HLB-,33,549.118,7.3425
HLB-,33,549.588,7.33875
HLB-,33,550.059,7.33125
HLB-,33,550.53,7.33
HLB-,33,551.001,7.3275
HLB-,33,551.472,7.31875
HLB-,33,551.943,7.30875
HLB-,33,552.414,7.29375
HLB-,33,552.885,7.2775
HLB-,33,553.356,7.26375
HLB-,33,553.827,7.25
HLB-,33,554.298,7.23125
HLB-,33,554.769,7.21
HLB-,33,555.24,7.19375
HLB-,33,555.711,7.16375
HLB-,33,556.183,7.14
HLB-,33,556.654,7.1175
HLB-,33,557.125,7.09
HLB-,33,557.597,7.065
HLB-,33,558.068,7.0375
HLB-,33,558.54,7.005
HLB-,33,559.011,6.975
HLB-,33,559.483,6.94375
HLB-,33,559.954,6.915
HLB-,33,560.426,6.88125
HLB-,33,560.897,6.83625
HLB-,34,540.18,9.532857143
HLB-,34,540.65,9.561428571
HLB-,34,541.12,9.585714286
HLB-,34,541.59,9.61
HLB-,34,542.06,9.635714286
HLB-,34,542.531,9.66
HLB-,34,543.001,9.682857143
HLB-,34,543.471,9.701428571
HLB-,34,543.941,9.721428571
HLB-,34,544.412,9.741428571
HLB-,34,544.882,9.757142857
HLB-,34,545.353,9.772857143
HLB-,34,545.823,9.787142857
HLB-,34,546.294,9.8
HLB-,34,546.764,9.811428571
HLB-,34,547.235,9.822857143
HLB-,34,547.705,9.832857143
HLB-,34,548.176,9.84
HLB-,34,548.647,9.847142857
HLB-,34,549.118,9.85
HLB-,34,549.588,9.85
HLB-,34,550.059,9.851428571
HLB-,34,550.53,9.848571429
HLB-,34,551.001,9.842857143
HLB-,34,551.472,9.835714286
HLB-,34,551.943,9.828571429
HLB-,34,552.414,9.815714286
HLB-,34,552.885,9.804285714
HLB-,34,553.356,9.792857143
HLB-,34,553.827,9.772857143
HLB-,34,554.298,9.752857143
HLB-,34,554.769,9.732857143
HLB-,34,555.24,9.707142857
HLB-,34,555.711,9.685714286
HLB-,34,556.183,9.657142857
HLB-,34,556.654,9.628571429
HLB-,34,557.125,9.6
HLB-,34,557.597,9.567142857
HLB-,34,558.068,9.531428571
HLB-,34,558.54,9.494285714
HLB-,34,559.011,9.455714286
HLB-,34,559.483,9.417142857
HLB-,34,559.954,9.374285714
HLB-,34,560.426,9.331428571
HLB-,34,560.897,9.284285714
HLB-,35,540.18,8.68625
HLB-,35,540.65,8.70875
HLB-,35,541.12,8.7325
HLB-,35,541.59,8.76125
HLB-,35,542.06,8.785
HLB-,35,542.531,8.805
HLB-,35,543.001,8.82625
HLB-,35,543.471,8.83875
HLB-,35,543.941,8.86
HLB-,35,544.412,8.8775
HLB-,35,544.882,8.89375
HLB-,35,545.353,8.9075
HLB-,35,545.823,8.92125
HLB-,35,546.294,8.93375
HLB-,35,546.764,8.9425
HLB-,35,547.235,8.94875
HLB-,35,547.705,8.95875
HLB-,35,548.176,8.9625
HLB-,35,548.647,8.965
HLB-,35,549.118,8.96375
HLB-,35,549.588,8.96375
HLB-,35,550.059,8.95625
HLB-,35,550.53,8.95125
HLB-,35,551.001,8.9475
HLB-,35,551.472,8.93875
HLB-,35,551.943,8.925
HLB-,35,552.414,8.91375
HLB-,35,552.885,8.895
HLB-,35,553.356,8.87625
HLB-,35,553.827,8.8575
HLB-,35,554.298,8.83375
HLB-,35,554.769,8.81125
HLB-,35,555.24,8.78625
HLB-,35,555.711,8.75375
HLB-,35,556.183,8.7225
HLB-,35,556.654,8.69375
HLB-,35,557.125,8.65625
HLB-,35,557.597,8.62375
HLB-,35,558.068,8.585
HLB-,35,558.54,8.54625
HLB-,35,559.011,8.505
HLB-,35,559.483,8.46375
HLB-,35,559.954,8.42
HLB-,35,560.426,8.3725
HLB-,35,560.897,8.32125
HLB-,36,540.18,7.18375
HLB-,36,540.65,7.195
HLB-,36,541.12,7.21
HLB-,36,541.59,7.2325
HLB-,36,542.06,7.24875
HLB-,36,542.531,7.26
HLB-,36,543.001,7.27125
HLB-,36,543.471,7.2775
HLB-,36,543.941,7.29125
HLB-,36,544.412,7.3025
HLB-,36,544.882,7.31125
HLB-,36,545.353,7.31875
HLB-,36,545.823,7.325
HLB-,36,546.294,7.33375
HLB-,36,546.764,7.3375
HLB-,36,547.235,7.34625
HLB-,36,547.705,7.3525
HLB-,36,548.176,7.3525
HLB-,36,548.647,7.3525
HLB-,36,549.118,7.34875
HLB-,36,549.588,7.3425
HLB-,36,550.059,7.335
HLB-,36,550.53,7.33375
HLB-,36,551.001,7.33375
HLB-,36,551.472,7.3225
HLB-,36,551.943,7.3125
HLB-,36,552.414,7.3
HLB-,36,552.885,7.28625
HLB-,36,553.356,7.27125
HLB-,36,553.827,7.255
HLB-,36,554.298,7.23875
HLB-,36,554.769,7.2175
HLB-,36,555.24,7.20125
HLB-,36,555.711,7.17375
HLB-,36,556.183,7.15
HLB-,36,556.654,7.1275
HLB-,36,557.125,7.1025
HLB-,36,557.597,7.07625
HLB-,36,558.068,7.0525
HLB-,36,558.54,7.0225
HLB-,36,559.011,6.9925
HLB-,36,559.483,6.96375
HLB-,36,559.954,6.935
HLB-,36,560.426,6.90125
HLB-,36,560.897,6.8575
HLB-,37,540.18,8.80125
HLB-,37,540.65,8.8275
HLB-,37,541.12,8.85625
HLB-,37,541.59,8.88125
HLB-,37,542.06,8.90375
HLB-,37,542.531,8.9275
HLB-,37,543.001,8.95
HLB-,37,543.471,8.97125
HLB-,37,543.941,8.99125
HLB-,37,544.412,9.01125
HLB-,37,544.882,9.02625
HLB-,37,545.353,9.04375
HLB-,37,545.823,9.06
HLB-,37,546.294,9.07375
HLB-,37,546.764,9.08875
HLB-,37,547.235,9.09875
HLB-,37,547.705,9.1075
HLB-,37,548.176,9.1175
HLB-,37,548.647,9.12125
HLB-,37,549.118,9.125
HLB-,37,549.588,9.12875
HLB-,37,550.059,9.12875
HLB-,37,550.53,9.1275
HLB-,37,551.001,9.12375
HLB-,37,551.472,9.11875
HLB-,37,551.943,9.11
HLB-,37,552.414,9.1
HLB-,37,552.885,9.08625
HLB-,37,553.356,9.075
HLB-,37,553.827,9.05875
HLB-,37,554.298,9.04125
HLB-,37,554.769,9.0225
HLB-,37,555.24,8.99875
HLB-,37,555.711,8.97625
HLB-,37,556.183,8.9525
HLB-,37,556.654,8.925
HLB-,37,557.125,8.89625
HLB-,37,557.597,8.865
HLB-,37,558.068,8.83
HLB-,37,558.54,8.79625
HLB-,37,559.011,8.75875
HLB-,37,559.483,8.7225
HLB-,37,559.954,8.6825
HLB-,37,560.426,8.63875
HLB-,37,560.897,8.59375
HLB-,38,540.18,9.111666667
HLB-,38,540.65,9.131666667
HLB-,38,541.12,9.156666667
HLB-,38,541.59,9.185
HLB-,38,542.06,9.208333333
HLB-,38,542.531,9.228333333
HLB-,38,543.001,9.246666667
HLB-,38,543.471,9.261666667
HLB-,38,543.941,9.278333333
HLB-,38,544.412,9.295
HLB-,38,544.882,9.31
HLB-,38,545.353,9.323333333
HLB-,38,545.823,9.336666667
HLB-,38,546.294,9.346666667
HLB-,38,546.764,9.355
HLB-,38,547.235,9.365
HLB-,38,547.705,9.373333333
HLB-,38,548.176,9.375
HLB-,38,548.647,9.376666667
HLB-,38,549.118,9.375
HLB-,38,549.588,9.371666667
HLB-,38,550.059,9.363333333
HLB-,38,550.53,9.36
HLB-,38,551.001,9.351666667
HLB-,38,551.472,9.345
HLB-,38,551.943,9.328333333
HLB-,38,552.414,9.313333333
HLB-,38,552.885,9.293333333
HLB-,38,553.356,9.276666667
HLB-,38,553.827,9.255
HLB-,38,554.298,9.23
HLB-,38,554.769,9.206666667
HLB-,38,555.24,9.181666667
HLB-,38,555.711,9.148333333
HLB-,38,556.183,9.116666667
HLB-,38,556.654,9.086666667
HLB-,38,557.125,9.045
HLB-,38,557.597,9.013333333
HLB-,38,558.068,8.973333333
HLB-,38,558.54,8.933333333
HLB-,38,559.011,8.89
HLB-,38,559.483,8.846666667
HLB-,38,559.954,8.801666667
HLB-,38,560.426,8.753333333
HLB-,38,560.897,8.7
HLB-,39,540.18,7.668333333
HLB-,39,540.65,7.688333333
HLB-,39,541.12,7.708333333
HLB-,39,541.59,7.733333333
HLB-,39,542.06,7.756666667
HLB-,39,542.531,7.775
HLB-,39,543.001,7.793333333
HLB-,39,543.471,7.8
HLB-,39,543.941,7.818333333
HLB-,39,544.412,7.835
HLB-,39,544.882,7.85
HLB-,39,545.353,7.858333333
HLB-,39,545.823,7.868333333
HLB-,39,546.294,7.88
HLB-,39,546.764,7.89
HLB-,39,547.235,7.9
HLB-,39,547.705,7.911666667
HLB-,39,548.176,7.913333333
HLB-,39,548.647,7.916666667
HLB-,39,549.118,7.913333333
HLB-,39,549.588,7.91
HLB-,39,550.059,7.906666667
HLB-,39,550.53,7.905
HLB-,39,551.001,7.901666667
HLB-,39,551.472,7.891666667
HLB-,39,551.943,7.881666667
HLB-,39,552.414,7.871666667
HLB-,39,552.885,7.853333333
HLB-,39,553.356,7.835
HLB-,39,553.827,7.82
HLB-,39,554.298,7.8
HLB-,39,554.769,7.78
HLB-,39,555.24,7.761666667
HLB-,39,555.711,7.73
HLB-,39,556.183,7.701666667
HLB-,39,556.654,7.675
HLB-,39,557.125,7.645
HLB-,39,557.597,7.616666667
HLB-,39,558.068,7.585
HLB-,39,558.54,7.55
HLB-,39,559.011,7.513333333
HLB-,39,559.483,7.48
HLB-,39,559.954,7.445
HLB-,39,560.426,7.405
HLB-,39,560.897,7.356666667
HLB-,40,540.18,8.73625
HLB-,40,540.65,8.76375
HLB-,40,541.12,8.79
HLB-,40,541.59,8.815
HLB-,40,542.06,8.83875
HLB-,40,542.531,8.86125
HLB-,40,543.001,8.88125
HLB-,40,543.471,8.90125
HLB-,40,543.941,8.92375
HLB-,40,544.412,8.94125
HLB-,40,544.882,8.9575
HLB-,40,545.353,8.97375
HLB-,40,545.823,8.98875
HLB-,40,546.294,8.99875
HLB-,40,546.764,9.01125
HLB-,40,547.235,9.02125
HLB-,40,547.705,9.03125
HLB-,40,548.176,9.03875
HLB-,40,548.647,9.04125
HLB-,40,549.118,9.04625
HLB-,40,549.588,9.04625
HLB-,40,550.059,9.045
HLB-,40,550.53,9.04125
HLB-,40,551.001,9.0375
HLB-,40,551.472,9.02875
HLB-,40,551.943,9.0175
HLB-,40,552.414,9.00625
HLB-,40,552.885,8.995
HLB-,40,553.356,8.98125
HLB-,40,553.827,8.96125
HLB-,40,554.298,8.94125
HLB-,40,554.769,8.92
HLB-,40,555.24,8.89625
HLB-,40,555.711,8.8675
HLB-,40,556.183,8.84125
HLB-,40,556.654,8.8125
HLB-,40,557.125,8.77875
HLB-,40,557.597,8.74625
HLB-,40,558.068,8.71
HLB-,40,558.54,8.67125
HLB-,40,559.011,8.6325
HLB-,40,559.483,8.59125
HLB-,40,559.954,8.55125
HLB-,40,560.426,8.505
HLB-,40,560.897,8.45625
HLB-,41,540.18,9.978333333
HLB-,41,540.65,10.00666667
HLB-,41,541.12,10.03
HLB-,41,541.59,10.06333333
HLB-,41,542.06,10.08833333
HLB-,41,542.531,10.11
HLB-,41,543.001,10.13166667
HLB-,41,543.471,10.14833333
HLB-,41,543.941,10.17
HLB-,41,544.412,10.18666667
HLB-,41,544.882,10.205
HLB-,41,545.353,10.21833333
HLB-,41,545.823,10.23333333
HLB-,41,546.294,10.24666667
HLB-,41,546.764,10.25333333
HLB-,41,547.235,10.26666667
HLB-,41,547.705,10.27333333
HLB-,41,548.176,10.27833333
HLB-,41,548.647,10.28
HLB-,41,549.118,10.28
HLB-,41,549.588,10.275
HLB-,41,550.059,10.27
HLB-,41,550.53,10.26333333
HLB-,41,551.001,10.25833333
HLB-,41,551.472,10.24833333
HLB-,41,551.943,10.23333333
HLB-,41,552.414,10.21666667
HLB-,41,552.885,10.2
HLB-,41,553.356,10.17833333
HLB-,41,553.827,10.15666667
HLB-,41,554.298,10.13333333
HLB-,41,554.769,10.105
HLB-,41,555.24,10.07833333
HLB-,41,555.711,10.04333333
HLB-,41,556.183,10.01
HLB-,41,556.654,9.976666667
HLB-,41,557.125,9.938333333
HLB-,41,557.597,9.898333333
HLB-,41,558.068,9.86
HLB-,41,558.54,9.815
HLB-,41,559.011,9.77
HLB-,41,559.483,9.725
HLB-,41,559.954,9.675
HLB-,41,560.426,9.625
HLB-,41,560.897,9.563333333
HLB-,42,540.18,7.1575
HLB-,42,540.65,7.1725
HLB-,42,541.12,7.18625
HLB-,42,541.59,7.21
HLB-,42,542.06,7.22625
HLB-,42,542.531,7.24
HLB-,42,543.001,7.2525
HLB-,42,543.471,7.2575
HLB-,42,543.941,7.2725
HLB-,42,544.412,7.2825
HLB-,42,544.882,7.29375
HLB-,42,545.353,7.30125
HLB-,42,545.823,7.30875
HLB-,42,546.294,7.31625
HLB-,42,546.764,7.32
HLB-,42,547.235,7.3275
HLB-,42,547.705,7.335
HLB-,42,548.176,7.335
HLB-,42,548.647,7.33625
HLB-,42,549.118,7.33125
HLB-,42,549.588,7.325
HLB-,42,550.059,7.31875
HLB-,42,550.53,7.31625
HLB-,42,551.001,7.31625
HLB-,42,551.472,7.30375
HLB-,42,551.943,7.29375
HLB-,42,552.414,7.28
HLB-,42,552.885,7.265
HLB-,42,553.356,7.24875
HLB-,42,553.827,7.23
HLB-,42,554.298,7.21125
HLB-,42,554.769,7.19125
HLB-,42,555.24,7.17375
HLB-,42,555.711,7.145
HLB-,42,556.183,7.1175
HLB-,42,556.654,7.09375
HLB-,42,557.125,7.065
HLB-,42,557.597,7.03875
HLB-,42,558.068,7.01125
HLB-,42,558.54,6.97625
HLB-,42,559.011,6.945
HLB-,42,559.483,6.9125
HLB-,42,559.954,6.88375
HLB-,42,560.426,6.84625
HLB-,42,560.897,6.80375
HLB-,43,540.18,9.79
HLB-,43,540.65,9.81875
HLB-,43,541.12,9.8475
HLB-,43,541.59,9.87375
HLB-,43,542.06,9.90125
HLB-,43,542.531,9.92375
HLB-,43,543.001,9.9475
HLB-,43,543.471,9.96875
HLB-,43,543.941,9.99
HLB-,43,544.412,10.01375
HLB-,43,544.882,10.03
HLB-,43,545.353,10.04625
HLB-,43,545.823,10.065
HLB-,43,546.294,10.0775
HLB-,43,546.764,10.09375
HLB-,43,547.235,10.10375
HLB-,43,547.705,10.1125
HLB-,43,548.176,10.12375
HLB-,43,548.647,10.125
HLB-,43,549.118,10.13125
HLB-,43,549.588,10.135
HLB-,43,550.059,10.13375
HLB-,43,550.53,10.13125
HLB-,43,551.001,10.13
HLB-,43,551.472,10.12125
HLB-,43,551.943,10.11125
HLB-,43,552.414,10.1025
HLB-,43,552.885,10.08875
HLB-,43,553.356,10.07375
HLB-,43,553.827,10.05625
HLB-,43,554.298,10.03875
HLB-,43,554.769,10.01625
HLB-,43,555.24,9.9925
HLB-,43,555.711,9.96375
HLB-,43,556.183,9.94
HLB-,43,556.654,9.90875
HLB-,43,557.125,9.8775
HLB-,43,557.597,9.84375
HLB-,43,558.068,9.80875
HLB-,43,558.54,9.76875
HLB-,43,559.011,9.73
HLB-,43,559.483,9.6875
HLB-,43,559.954,9.64375
HLB-,43,560.426,9.59875
HLB-,43,560.897,9.55
HLB-,44,540.18,12.77428571
HLB-,44,540.65,12.80857143
HLB-,44,541.12,12.84285714
HLB-,44,541.59,12.87571429
HLB-,44,542.06,12.90857143
HLB-,44,542.531,12.93428571
HLB-,44,543.001,12.95714286
HLB-,44,543.471,12.98
HLB-,44,543.941,13.00428571
HLB-,44,544.412,13.02571429
HLB-,44,544.882,13.04857143
HLB-,44,545.353,13.06571429
HLB-,44,545.823,13.08142857
HLB-,44,546.294,13.09571429
HLB-,44,546.764,13.10857143
HLB-,44,547.235,13.12142857
HLB-,44,547.705,13.13
HLB-,44,548.176,13.13571429
HLB-,44,548.647,13.13857143
HLB-,44,549.118,13.13714286
HLB-,44,549.588,13.13285714
HLB-,44,550.059,13.12857143
HLB-,44,550.53,13.12285714
HLB-,44,551.001,13.11428571
HLB-,44,551.472,13.10142857
HLB-,44,551.943,13.08714286
HLB-,44,552.414,13.06714286
HLB-,44,552.885,13.05
HLB-,44,553.356,13.02285714
HLB-,44,553.827,13
HLB-,44,554.298,12.96857143
HLB-,44,554.769,12.94
HLB-,44,555.24,12.90857143
HLB-,44,555.711,12.86714286
HLB-,44,556.183,12.82857143
HLB-,44,556.654,12.79142857
HLB-,44,557.125,12.74428571
HLB-,44,557.597,12.70142857
HLB-,44,558.068,12.65142857
HLB-,44,558.54,12.6
HLB-,44,559.011,12.54857143
HLB-,44,559.483,12.49142857
HLB-,44,559.954,12.43714286
HLB-,44,560.426,12.37428571
HLB-,44,560.897,12.30571429
HLB-,45,540.18,8.18375
HLB-,45,540.65,8.2
HLB-,45,541.12,8.22
HLB-,45,541.59,8.25
HLB-,45,542.06,8.26875
HLB-,45,542.531,8.28625
HLB-,45,543.001,8.30125
HLB-,45,543.471,8.30875
HLB-,45,543.941,8.32625
HLB-,45,544.412,8.34125
HLB-,45,544.882,8.35375
HLB-,45,545.353,8.36375
HLB-,45,545.823,8.37375
HLB-,45,546.294,8.3825
HLB-,45,546.764,8.38875
HLB-,45,547.235,8.3975
HLB-,45,547.705,8.40625
HLB-,45,548.176,8.40625
HLB-,45,548.647,8.41
HLB-,45,549.118,8.40375
HLB-,45,549.588,8.4
HLB-,45,550.059,8.39375
HLB-,45,550.53,8.3925
HLB-,45,551.001,8.3875
HLB-,45,551.472,8.37625
HLB-,45,551.943,8.36375
HLB-,45,552.414,8.3475
HLB-,45,552.885,8.33
HLB-,45,553.356,8.31
HLB-,45,553.827,8.29375
HLB-,45,554.298,8.2725
HLB-,45,554.769,8.24625
HLB-,45,555.24,8.22625
HLB-,45,555.711,8.1925
HLB-,45,556.183,8.165
HLB-,45,556.654,8.13625
HLB-,45,557.125,8.105
HLB-,45,557.597,8.0725
HLB-,45,558.068,8.04125
HLB-,45,558.54,8.00375
HLB-,45,559.011,7.965
HLB-,45,559.483,7.93
HLB-,45,559.954,7.8925
HLB-,45,560.426,7.85
HLB-,45,560.897,7.7975
HLB-,46,540.18,9.59125
HLB-,46,540.65,9.6225
HLB-,46,541.12,9.65375
HLB-,46,541.59,9.68125
HLB-,46,542.06,9.71125
HLB-,46,542.531,9.73875
HLB-,46,543.001,9.76375
HLB-,46,543.471,9.78625
HLB-,46,543.941,9.81125
HLB-,46,544.412,9.835
HLB-,46,544.882,9.85625
HLB-,46,545.353,9.87625
HLB-,46,545.823,9.89125
HLB-,46,546.294,9.91125
HLB-,46,546.764,9.925
HLB-,46,547.235,9.93875
HLB-,46,547.705,9.95125
HLB-,46,548.176,9.9625
HLB-,46,548.647,9.9675
HLB-,46,549.118,9.97625
HLB-,46,549.588,9.98
HLB-,46,550.059,9.98
HLB-,46,550.53,9.98
HLB-,46,551.001,9.98
HLB-,46,551.472,9.97375
HLB-,46,551.943,9.96375
HLB-,46,552.414,9.9525
HLB-,46,552.885,9.9425
HLB-,46,553.356,9.92875
HLB-,46,553.827,9.91375
HLB-,46,554.298,9.8925
HLB-,46,554.769,9.87375
HLB-,46,555.24,9.85125
HLB-,46,555.711,9.825
HLB-,46,556.183,9.7975
HLB-,46,556.654,9.76875
HLB-,46,557.125,9.735
HLB-,46,557.597,9.7025
HLB-,46,558.068,9.66625
HLB-,46,558.54,9.6275
HLB-,46,559.011,9.5875
HLB-,46,559.483,9.5475
HLB-,46,559.954,9.50125
HLB-,46,560.426,9.4575
HLB-,46,560.897,9.40625
HLB-,47,540.18,11.58571429
HLB-,47,540.65,11.61142857
HLB-,47,541.12,11.64428571
HLB-,47,541.59,11.67571429
HLB-,47,542.06,11.70285714
HLB-,47,542.531,11.72857143
HLB-,47,543.001,11.75142857
HLB-,47,543.471,11.77
HLB-,47,543.941,11.79285714
HLB-,47,544.412,11.81571429
HLB-,47,544.882,11.83714286
HLB-,47,545.353,11.85
HLB-,47,545.823,11.87
HLB-,47,546.294,11.88571429
HLB-,47,546.764,11.89857143
HLB-,47,547.235,11.91142857
HLB-,47,547.705,11.92285714
HLB-,47,548.176,11.93285714
HLB-,47,548.647,11.93714286
HLB-,47,549.118,11.93714286
HLB-,47,549.588,11.94
HLB-,47,550.059,11.93714286
HLB-,47,550.53,11.93714286
HLB-,47,551.001,11.93428571
HLB-,47,551.472,11.92857143
HLB-,47,551.943,11.91714286
HLB-,47,552.414,11.90571429
HLB-,47,552.885,11.89285714
HLB-,47,553.356,11.87428571
HLB-,47,553.827,11.85857143
HLB-,47,554.298,11.83714286
HLB-,47,554.769,11.81571429
HLB-,47,555.24,11.79285714
HLB-,47,555.711,11.76142857
HLB-,47,556.183,11.73142857
HLB-,47,556.654,11.70428571
HLB-,47,557.125,11.66857143
HLB-,47,557.597,11.63571429
HLB-,47,558.068,11.59714286
HLB-,47,558.54,11.55857143
HLB-,47,559.011,11.51714286
HLB-,47,559.483,11.47571429
HLB-,47,559.954,11.43142857
HLB-,47,560.426,11.38428571
HLB-,47,560.897,11.33142857
HLB-,48,540.18,8.73125
HLB-,48,540.65,8.75125
HLB-,48,541.12,8.775
HLB-,48,541.59,8.805
HLB-,48,542.06,8.82875
HLB-,48,542.531,8.84875
HLB-,48,543.001,8.8675
HLB-,48,543.471,8.8775
HLB-,48,543.941,8.89875
HLB-,48,544.412,8.91625
HLB-,48,544.882,8.9325
HLB-,48,545.353,8.94375
HLB-,48,545.823,8.96
HLB-,48,546.294,8.97125
HLB-,48,546.764,8.97875
HLB-,48,547.235,8.995
HLB-,48,547.705,9.005
HLB-,48,548.176,9.0075
HLB-,48,548.647,9.0125
HLB-,48,549.118,9.01
HLB-,48,549.588,9.01
HLB-,48,550.059,9.005
HLB-,48,550.53,9.005
HLB-,48,551.001,9.00375
HLB-,48,551.472,8.995
HLB-,48,551.943,8.985
HLB-,48,552.414,8.96875
HLB-,48,552.885,8.955
HLB-,48,553.356,8.93875
HLB-,48,553.827,8.92
HLB-,48,554.298,8.89875
HLB-,48,554.769,8.8775
HLB-,48,555.24,8.8575
HLB-,48,555.711,8.82375
HLB-,48,556.183,8.79875
HLB-,48,556.654,8.77
HLB-,48,557.125,8.73875
HLB-,48,557.597,8.70875
HLB-,48,558.068,8.67625
HLB-,48,558.54,8.63875
HLB-,48,559.011,8.6025
HLB-,48,559.483,8.56625
HLB-,48,559.954,8.52875
HLB-,48,560.426,8.4875
HLB-,48,560.897,8.43375
HLB-,49,540.18,9.74125
HLB-,49,540.65,9.775
HLB-,49,541.12,9.80375
HLB-,49,541.59,9.8325
HLB-,49,542.06,9.86
HLB-,49,542.531,9.88625
HLB-,49,543.001,9.91125
HLB-,49,543.471,9.9325
HLB-,49,543.941,9.9575
HLB-,49,544.412,9.97875
HLB-,49,544.882,10.00125
HLB-,49,545.353,10.01875
HLB-,49,545.823,10.035
HLB-,49,546.294,10.05125
HLB-,49,546.764,10.0675
HLB-,49,547.235,10.08
HLB-,49,547.705,10.09375
HLB-,49,548.176,10.105
HLB-,49,548.647,10.10875
HLB-,49,549.118,10.11375
HLB-,49,549.588,10.1175
HLB-,49,550.059,10.1175
HLB-,49,550.53,10.11875
HLB-,49,551.001,10.115
HLB-,49,551.472,10.11
HLB-,49,551.943,10.1025
HLB-,49,552.414,10.09
HLB-,49,552.885,10.07875
HLB-,49,553.356,10.065
HLB-,49,553.827,10.0475
HLB-,49,554.298,10.03
HLB-,49,554.769,10.01
HLB-,49,555.24,9.98625
HLB-,49,555.711,9.96125
HLB-,49,556.183,9.9325
HLB-,49,556.654,9.905
HLB-,49,557.125,9.87375
HLB-,49,557.597,9.8375
HLB-,49,558.068,9.80125
HLB-,49,558.54,9.76625
HLB-,49,559.011,9.7275
HLB-,49,559.483,9.68625
HLB-,49,559.954,9.6425
HLB-,49,560.426,9.595
HLB-,49,560.897,9.5475
HLB-,50,540.18,9.82125
HLB-,50,540.65,9.84375
HLB-,50,541.12,9.86875
HLB-,50,541.59,9.89625
HLB-,50,542.06,9.92125
HLB-,50,542.531,9.93875
HLB-,50,543.001,9.96
HLB-,50,543.471,9.97375
HLB-,50,543.941,9.995
HLB-,50,544.412,10.0125
HLB-,50,544.882,10.03
HLB-,50,545.353,10.04
HLB-,50,545.823,10.055
HLB-,50,546.294,10.06625
HLB-,50,546.764,10.0775
HLB-,50,547.235,10.0875
HLB-,50,547.705,10.09625
HLB-,50,548.176,10.1
HLB-,50,548.647,10.105
HLB-,50,549.118,10.1025
HLB-,50,549.588,10.1025
HLB-,50,550.059,10.09625
HLB-,50,550.53,10.095
HLB-,50,551.001,10.095
HLB-,50,551.472,10.085
HLB-,50,551.943,10.0725
HLB-,50,552.414,10.05875
HLB-,50,552.885,10.0475
HLB-,50,553.356,10.0275
HLB-,50,553.827,10.01
HLB-,50,554.298,9.98875
HLB-,50,554.769,9.96875
HLB-,50,555.24,9.9475
HLB-,50,555.711,9.9175
HLB-,50,556.183,9.89
HLB-,50,556.654,9.86
HLB-,50,557.125,9.82875
HLB-,50,557.597,9.795
HLB-,50,558.068,9.76125
HLB-,50,558.54,9.72375
HLB-,50,559.011,9.6875
HLB-,50,559.483,9.6475
HLB-,50,559.954,9.60875
HLB-,50,560.426,9.56375
HLB-,50,560.897,9.5125
HLB-,51,540.18,8.49
HLB-,51,540.65,8.50625
HLB-,51,541.12,8.525
HLB-,51,541.59,8.55125
HLB-,51,542.06,8.57375
HLB-,51,542.531,8.58875
HLB-,51,543.001,8.605
HLB-,51,543.471,8.6125
HLB-,51,543.941,8.62875
HLB-,51,544.412,8.6425
HLB-,51,544.882,8.655
HLB-,51,545.353,8.665
HLB-,51,545.823,8.675
HLB-,51,546.294,8.68125
HLB-,51,546.764,8.6875
HLB-,51,547.235,8.6975
HLB-,51,547.705,8.705
HLB-,51,548.176,8.705
HLB-,51,548.647,8.705
HLB-,51,549.118,8.7025
HLB-,51,549.588,8.695
HLB-,51,550.059,8.6875
HLB-,51,550.53,8.685
HLB-,51,551.001,8.68125
HLB-,51,551.472,8.67125
HLB-,51,551.943,8.6575
HLB-,51,552.414,8.64125
HLB-,51,552.885,8.62125
HLB-,51,553.356,8.60125
HLB-,51,553.827,8.5825
HLB-,51,554.298,8.56
HLB-,51,554.769,8.53625
HLB-,51,555.24,8.51375
HLB-,51,555.711,8.48
HLB-,51,556.183,8.45
HLB-,51,556.654,8.42125
HLB-,51,557.125,8.38875
HLB-,51,557.597,8.35875
HLB-,51,558.068,8.32375
HLB-,51,558.54,8.28375
HLB-,51,559.011,8.24625
HLB-,51,559.483,8.21
HLB-,51,559.954,8.17
HLB-,51,560.426,8.13
HLB-,51,560.897,8.07375
HLB-,52,540.18,8.74875
HLB-,52,540.65,8.77625
HLB-,52,541.12,8.80375
HLB-,52,541.59,8.8275
HLB-,52,542.06,8.85
HLB-,52,542.531,8.87375
HLB-,52,543.001,8.89375
HLB-,52,543.471,8.91125
HLB-,52,543.941,8.93
HLB-,52,544.412,8.9475
HLB-,52,544.882,8.965
HLB-,52,545.353,8.9825
HLB-,52,545.823,8.99625
HLB-,52,546.294,9.00875
HLB-,52,546.764,9.01875
HLB-,52,547.235,9.03
HLB-,52,547.705,9.035
HLB-,52,548.176,9.04375
HLB-,52,548.647,9.0475
HLB-,52,549.118,9.05
HLB-,52,549.588,9.05125
HLB-,52,550.059,9.05
HLB-,52,550.53,9.04625
HLB-,52,551.001,9.04125
HLB-,52,551.472,9.035
HLB-,52,551.943,9.025
HLB-,52,552.414,9.01125
HLB-,52,552.885,8.9975
HLB-,52,553.356,8.98125
HLB-,52,553.827,8.965
HLB-,52,554.298,8.945
HLB-,52,554.769,8.9225
HLB-,52,555.24,8.8975
HLB-,52,555.711,8.87375
HLB-,52,556.183,8.845
HLB-,52,556.654,8.8175
HLB-,52,557.125,8.785
HLB-,52,557.597,8.75
HLB-,52,558.068,8.71375
HLB-,52,558.54,8.6775
HLB-,52,559.011,8.63875
HLB-,52,559.483,8.59875
HLB-,52,559.954,8.5575
HLB-,52,560.426,8.5125
HLB-,52,560.897,8.46375
HLB-,53,540.18,9.32625
HLB-,53,540.65,9.35
HLB-,53,541.12,9.3775
HLB-,53,541.59,9.4075
HLB-,53,542.06,9.43125
HLB-,53,542.531,9.45625
HLB-,53,543.001,9.47375
HLB-,53,543.471,9.49
HLB-,53,543.941,9.51125
HLB-,53,544.412,9.52625
HLB-,53,544.882,9.54375
HLB-,53,545.353,9.56
HLB-,53,545.823,9.5725
HLB-,53,546.294,9.585
HLB-,53,546.764,9.595
HLB-,53,547.235,9.605
HLB-,53,547.705,9.615
HLB-,53,548.176,9.62
HLB-,53,548.647,9.6225
HLB-,53,549.118,9.62
HLB-,53,549.588,9.61875
HLB-,53,550.059,9.6125
HLB-,53,550.53,9.6125
HLB-,53,551.001,9.605
HLB-,53,551.472,9.59625
HLB-,53,551.943,9.58375
HLB-,53,552.414,9.5675
HLB-,53,552.885,9.55125
HLB-,53,553.356,9.53375
HLB-,53,553.827,9.51125
HLB-,53,554.298,9.48875
HLB-,53,554.769,9.465
HLB-,53,555.24,9.44125
HLB-,53,555.711,9.4075
HLB-,53,556.183,9.3775
HLB-,53,556.654,9.345
HLB-,53,557.125,9.30875
HLB-,53,557.597,9.2725
HLB-,53,558.068,9.235
HLB-,53,558.54,9.19375
HLB-,53,559.011,9.15
HLB-,53,559.483,9.10625
HLB-,53,559.954,9.06
HLB-,53,560.426,9.01375
HLB-,53,560.897,8.95875
HLB-,54,540.18,8.422857143
HLB-,54,540.65,8.435714286
HLB-,54,541.12,8.454285714
HLB-,54,541.59,8.48
HLB-,54,542.06,8.5
HLB-,54,542.531,8.512857143
HLB-,54,543.001,8.527142857
HLB-,54,543.471,8.531428571
HLB-,54,543.941,8.548571429
HLB-,54,544.412,8.561428571
HLB-,54,544.882,8.571428571
HLB-,54,545.353,8.58
HLB-,54,545.823,8.588571429
HLB-,54,546.294,8.595714286
HLB-,54,546.764,8.602857143
HLB-,54,547.235,8.607142857
HLB-,54,547.705,8.617142857
HLB-,54,548.176,8.617142857
HLB-,54,548.647,8.62
HLB-,54,549.118,8.612857143
HLB-,54,549.588,8.61
HLB-,54,550.059,8.602857143
HLB-,54,550.53,8.6
HLB-,54,551.001,8.597142857
HLB-,54,551.472,8.585714286
HLB-,54,551.943,8.574285714
HLB-,54,552.414,8.558571429
HLB-,54,552.885,8.544285714
HLB-,54,553.356,8.525714286
HLB-,54,553.827,8.507142857
HLB-,54,554.298,8.487142857
HLB-,54,554.769,8.465714286
HLB-,54,555.24,8.445714286
HLB-,54,555.711,8.417142857
HLB-,54,556.183,8.387142857
HLB-,54,556.654,8.362857143
HLB-,54,557.125,8.335714286
HLB-,54,557.597,8.305714286
HLB-,54,558.068,8.277142857
HLB-,54,558.54,8.242857143
HLB-,54,559.011,8.208571429
HLB-,54,559.483,8.172857143
HLB-,54,559.954,8.141428571
HLB-,54,560.426,8.102857143
HLB-,54,560.897,8.052857143
